Claim ID,Sample ID,MI Transaction ID,Facet,Concept ID,Concept Label,Driver Role,Assessed Claim,Evidence State,Likelihood Band,Source Confidence,Primary Counterfactual,Rivals Considered,Process / Discriminating Test,Source IDs,Claim Date Basis,Post-close Evidence Used?,Coder ID,Batch ID,Codebook Version,Adjudication Status,Terminal Motive?,Terminal Rule Check
T009-C01,T009,SPTRD1918006,AR,AR-05,Infrastructure fund,N/A (context facet),Dominant capital pool is infrastructure-fund capital: KKR invested primarily from its global infrastructure and real estate equity strategies; GIP from its global infrastructure funds.,E1,7,M,,AR-06 real-estate fund (KKR real estate strategy participates),n/a (identity fact) | Result: n/a,S06;S02,Announcement 2021-11-15 unless source dated otherwise,No,CLAUDE_IFR_T009,B01C,v0.3-calibration-freeze,UNADJUDICATED (independent recode; model recommendation only),n/a,
T009-C02,T009,SPTRD1918006,AR,AR-11,Multi-mandate consortium,N/A (context facet),Buyer is the KKR/GIP Consortium acting through Cavalry Parent L.P.; KKR sought board consent on 2021-10-25 to add GIP as co-bidder and the Board permitted the joint bid on 2021-10-29 after another bidder withdrew. Consortium mixes infrastructure and real-estate mandates.,E1,7,M,,Single-sponsor bid with syndication (not observed),n/a (identity fact) | Result: n/a,S02;S03;S04;S06,Announcement 2021-11-15 unless source dated otherwise,No,CLAUDE_IFR_T009,B01C,v0.3-calibration-freeze,UNADJUDICATED (independent recode; model recommendation only),n/a,
T009-C03,T009,SPTRD1918006,BC,BC-05,Deployable capital / mandate,R-E,Consortium had committed fund capital available and deployed it (equity from existing KKR infrastructure/real-estate and GIP infrastructure funds). Evidence establishes availability only; no evidence of deployment pressure (see T009-C33 BO-05).,E1,7,L,,Capital raised deal-specifically (co-invest) not evidenced,n/a | Result: n/a,S06,Announcement 2021-11-15 unless source dated otherwise,No,CLAUDE_IFR_T009,B01C,v0.3-calibration-freeze,UNADJUDICATED (independent recode; model recommendation only),n/a,
T009-C04,T009,SPTRD1918006,PR,PR-01,Structural demand growth,R-P,Structural growth in hyperscale/cloud data-centre demand underpinned the stated thesis of continued footprint expansion.,E4,6,L,Without sustained hyperscale/cloud demand growth the stated 'continue expanding CyrusOne's footprint' thesis loses its basis and a ~25% premium to the unaffected price could not be underwritten; the bid would be materially re-priced or not made.,PR-08 capital-liquidity regime (cheap 2021 capital) as the operative driver; VM-15 valuation arbitrage independent of demand.,"PROPOSED: obtain DEFM14A management projections and bidder materials; demand-driven thesis predicts price justified by growth capex/lease-up assumptions, liquidity-driven thesis predicts price justified by entry multiple vs private marks with modest growth. | Result: NOT RUN (source body inaccessible)",S08;S09;S01,Announcement 2021-11-15 unless source dated otherwise,No,CLAUDE_IFR_T009,B01C,v0.3-calibration-freeze,UNADJUDICATED (independent recode; model recommendation only),n/a,
T009-C05,T009,SPTRD1918006,PR,PR-08,Capital-market liquidity regime,R-C,2021 capital-market liquidity for infrastructure and real-estate funds enabled a wave of data-centre take-privates (Blackstone/QTS agreed June 2021; this deal; American Tower/CoreSite same week).,E4,5,L,,PR-01 demand growth as sole root cause.,PROPOSED: compare timing of sponsor DC take-privates with credit spreads / infra fundraising data. | Result: NOT RUN,S09;S10,Announcement 2021-11-15 unless source dated otherwise,No,CLAUDE_IFR_T009,B01C,v0.3-calibration-freeze,UNADJUDICATED (independent recode; model recommendation only),n/a,
T009-C06,T009,SPTRD1918006,BM,BM-23,Financial ownership-value thesis,R-P,"KKR/GIP acquire CyrusOne to earn returns above hurdle by owning and funding the continued expansion of a scaled hyperscale platform with long-term private capital, independent of any strategic combination.",E1,6,M,"If the consortium could not earn a hurdle return by funding CyrusOne's development with long-term private capital, there is no strategic combination to support $90.50 cash and the consortium bid would not have been made at this price.",BM-06.2 contracted cash-flow acquisition (yield thesis); VM-15 arbitrage-only thesis; BO-05 deployment pressure.,R37: BM-23 non-terminal; paired with VM-14.1 (E1 lever) and PG-01 (E2). Discriminating test between growth-funding and yield theses PROPOSED (post-close capex vs distributions). | Result: R37 CONDITIONAL PASS (lever E1 via index excerpt only),S01;S06,Announcement 2021-11-15 unless source dated otherwise,No,CLAUDE_IFR_T009,B01C,v0.3-calibration-freeze,UNADJUDICATED (independent recode; model recommendation only),N (R37 non-terminal),R37 CONDITIONAL PASS: paired with VM-14.1 (E1 lever) and PG-01 (E2); terminal rival BM-06.2 at E4.
T009-C07,T009,SPTRD1918006,VM,VM-14.1,Development-capital advantage,R-P,"Stated ownership lever: consortium's 'access to long term capital' to support growth, i.e. funding CyrusOne's development pipeline under private ownership rather than via listed-REIT equity and debt markets. The 'cheaper than prior owner' element is NOT evidenced.",E1,5,L,Remove the capital-provision lever and the growth rationale collapses to a valuation/yield thesis; the premium would have to be justified by arbitrage alone and would be materially lower.,VM-15 public/private arbitrage; VM-14.4 duration-matched capital; VM-13 capital structure.,PROPOSED: compare pre-deal CyrusOne cost of capital / capex funding constraints with post-close funding cost and capex run-rate. E2 upgrade WITHHELD: OU-03 evidence consistent but only via index excerpts and non-discriminating on cost. | Result: NOT RUN,S01;S03,Announcement 2021-11-15 unless source dated otherwise,Yes (OU only),CLAUDE_IFR_T009,B01C,v0.3-calibration-freeze,UNADJUDICATED (independent recode; model recommendation only),n/a,
T009-C08,T009,SPTRD1918006,VM,VM-15,Public / private valuation arbitrage,R-C,Take-private may capture a gap between CyrusOne's public valuation and private-market value of hyperscale DC platforms.,E4,5,L,,VM-14.1 growth-funding lever; ordinary control premium.,PROPOSED: entry implied multiple vs contemporaneous private marks; exit/IPO mark vs entry on a like-for-like asset base net of growth capex. | Result: NOT RUN,S01;S09;S16,Announcement 2021-11-15 unless source dated otherwise,No,CLAUDE_IFR_T009,B01C,v0.3-calibration-freeze,UNADJUDICATED (independent recode; model recommendation only),n/a,
T009-C09,T009,SPTRD1918006,BM,BM-06.2,Contracted cash-flow acquisition,R-C,Infrastructure-fund buyers may value CyrusOne chiefly for long-dated contracted hyperscale lease cash flows.,E4,5,L,,BM-23 growth-platform thesis (stated).,PROPOSED: sponsor LP materials or statements referencing contract tenor/yield; post-close distribution vs reinvestment policy. | Result: NOT RUN,S06;S08,Announcement 2021-11-15 unless source dated otherwise,No,CLAUDE_IFR_T009,B01C,v0.3-calibration-freeze,UNADJUDICATED (independent recode; model recommendation only),Y,Terminal concept; not relied on for R37.
T009-C10,T009,SPTRD1918006,VM,VM-14.4,Duration-matched capital,R-C,Long-dated infra capital may value long-tenor hyperscale leases above public REIT investors.,E4,4,L,,VM-14.1; VM-15,PROPOSED: contract tenor vs fund liability duration. | Result: NOT RUN,S06;S08,Announcement 2021-11-15 unless source dated otherwise,No,CLAUDE_IFR_T009,B01C,v0.3-calibration-freeze,UNADJUDICATED (independent recode; model recommendation only),n/a,
T009-C11,T009,SPTRD1918006,BM,BM-23.2,Governance and disciplinary improvement,R-C,Possible governance/management lever: target had separated with its CEO on 2021-07-28 and was led by an interim CEO; post-close sponsors installed an external CEO (Equinix veteran) effective 2022-10-01.,E4,3,L,,Routine succession after an interim appointment; no sponsor statement on management under-performance.,PROPOSED: DEFM14A background / bidder statements on management; board reasons. | Result: NOT RUN,S07;S11,Announcement 2021-11-15 unless source dated otherwise,No,CLAUDE_IFR_T009,B01C,v0.3-calibration-freeze,UNADJUDICATED (independent recode; model recommendation only),Y,Terminal concept; not relied on for R37.
T009-C12,T009,SPTRD1918006,PS,PS-06,Multi-market platform strategy,N/A (context facet),Stated plan to expand CyrusOne's footprint across key global digital gateway markets through the acquired platform; post-close Japan entry via 50/50 KEPCO JV is consistent.,E4,5,L,,Organic development only within existing markets (PG-01 without multi-deal programme).,Multi-deal programme element not evidenced ex ante; PROPOSED: sponsor programme disclosures. | Result: NOT RUN,S01;S12,Announcement 2021-11-15 unless source dated otherwise,No,CLAUDE_IFR_T009,B01C,v0.3-calibration-freeze,UNADJUDICATED (independent recode; model recommendation only),n/a,
T009-C13,T009,SPTRD1918006,PG,PG-01,Platform acquisition,N/A (context facet),Deal establishes CyrusOne as the platform from which the consortium pursues a development-led expansion programme.,E2,6,L,,PG-05 standalone one-off hold.,II/OU consistency: post-close development activity observed. | Result: PASS (consistency; index excerpts),S01;S12;S13;S14,Announcement 2021-11-15 unless source dated otherwise,Yes (OU only),CLAUDE_IFR_T009,B01C,v0.3-calibration-freeze,UNADJUDICATED (independent recode; model recommendation only),n/a,
T009-C14,T009,SPTRD1918006,RO,RO-01,Operating capacity,N/A (context facet),Operating portfolio of 50+ data centres in U.S. and Europe (hyperscale and enterprise). Operating MW total NOT captured.,E1,7,M,,n/a,n/a | Result: n/a,S01;S18;S10,Announcement 2021-11-15 unless source dated otherwise,No,CLAUDE_IFR_T009,B01C,v0.3-calibration-freeze,UNADJUDICATED (independent recode; model recommendation only),n/a,
T009-C15,T009,SPTRD1918006,RO,RO-02,Development pipeline,N/A (context facet),"Development pipeline at 2021-09-30: projects in London, Frankfurt, Northern Virginia, San Antonio adding ~211,000 CSF / 49 MW plus 469,000 sq ft powered shell; 82% of space under development pre-leased. DEVELOPMENT metrics, not operating.",E1,7,L,,n/a,n/a | Result: n/a,S08,Announcement 2021-11-15 unless source dated otherwise,No,CLAUDE_IFR_T009,B01C,v0.3-calibration-freeze,UNADJUDICATED (independent recode; model recommendation only),n/a,
T009-C16,T009,SPTRD1918006,RO,RO-03,Land,N/A (context facet),Land bank for future development; Q3 2021 purchases in Frankfurt and San Antonio for ~$23m combined.,E1,7,L,,n/a,n/a | Result: n/a,S08,Announcement 2021-11-15 unless source dated otherwise,No,CLAUDE_IFR_T009,B01C,v0.3-calibration-freeze,UNADJUDICATED (independent recode; model recommendation only),n/a,
T009-C17,T009,SPTRD1918006,RO,RO-13,"Customer contracts, relationships and backlog",N/A (context facet),Hyperscale and enterprise lease contracts; Q3 2021 signings of 20 MW / $37.8m annualised GAAP revenue; pre-let development backlog.,E1,7,L,,n/a,n/a | Result: n/a,S08;S01,Announcement 2021-11-15 unless source dated otherwise,No,CLAUDE_IFR_T009,B01C,v0.3-calibration-freeze,UNADJUDICATED (independent recode; model recommendation only),n/a,
T009-C18,T009,SPTRD1918006,RO,RO-16,Multi-market operating platform,N/A (context facet),Multi-market platform across U.S. and European digital gateway markets with shared development and operating systems (platform_type: regional operating platform).,E1,7,M,,n/a,n/a | Result: n/a,S01;S18;S06,Announcement 2021-11-15 unless source dated otherwise,No,CLAUDE_IFR_T009,B01C,v0.3-calibration-freeze,UNADJUDICATED (independent recode; model recommendation only),n/a,
T009-C19,T009,SPTRD1918006,SM,SM-10,Valuation-window timing,R-C,Board may have judged the ~25% premium cash offer superior to standalone value amid rising sector valuations.,E4,3,L,,Board sale driven by unsolicited approach plus standalone financing/competition risks; SM unknown.,PROPOSED: DEFM14A 'Reasons for the Merger' and standalone projections. | Result: NOT RUN,S01;S03,Announcement 2021-11-15 unless source dated otherwise,No,CLAUDE_IFR_T009,B01C,v0.3-calibration-freeze,UNADJUDICATED (independent recode; model recommendation only),n/a,
T009-C20,T009,SPTRD1918006,SI,SI-08,Strategic review / formal sale process,R-E,"Board-run review of strategic alternatives including a potential sale (Board sessions 2021-08-28), described as a 'robust strategic review process'. Not publicly announced before market speculation after 2021-09-27.",E1,7,M,,n/a,n/a | Result: n/a,S01;S03,Announcement 2021-11-15 unless source dated otherwise,No,CLAUDE_IFR_T009,B01C,v0.3-calibration-freeze,UNADJUDICATED (independent recode; model recommendation only),n/a,
T009-C21,T009,SPTRD1918006,SI,SI-13,Competitive auction / broad process,R-C,"Multi-party process: unsolicited IOI 2021-08-11 at $80.00; KKR+Party B joint IOI 2021-09-18 at $82.50; further parties (C, I); Party B withdrew; KKR/GIP consortium $84.00 then $90.50 within two days.",E1,7,L,,Bilateral negotiation (contradicted by multiple parties).,n/a | Result: n/a,S03;S04,Announcement 2021-11-15 unless source dated otherwise,No,CLAUDE_IFR_T009,B01C,v0.3-calibration-freeze,UNADJUDICATED (independent recode; model recommendation only),n/a,
T009-C22,T009,SPTRD1918006,SI,SI-06,Undervalued listed company,R-C,Target may have traded below private-market value (unsolicited approaches; ~25% premium to unaffected price).,E4,4,L,,Standard control premium with no undervaluation.,PROPOSED: unaffected price vs consensus NAV and private DC transaction marks. | Result: NOT RUN,S01;S03,Announcement 2021-11-15 unless source dated otherwise,No,CLAUDE_IFR_T009,B01C,v0.3-calibration-freeze,UNADJUDICATED (independent recode; model recommendation only),n/a,
T009-C23,T009,SPTRD1918006,CA,CA-10,Management change or activism,R-C,Dated event 2021-07-28: Board separated with CEO Bruce Duncan; interim CEO appointed. First unsolicited IOI dated 2021-08-11 followed within two weeks; timing link inferred only.,E4,4,L,,Bidder interest pre-dated CEO change; coincidence.,PROPOSED: DEFM14A background for pre-July 2021 contacts. | Result: NOT RUN,S07;S03,Announcement 2021-11-15 unless source dated otherwise,No,CLAUDE_IFR_T009,B01C,v0.3-calibration-freeze,UNADJUDICATED (independent recode; model recommendation only),n/a,
T009-C24,T009,SPTRD1918006,CA,CA-06,Competitor transaction or move,R-I,Blackstone's ~$10bn agreement to acquire QTS Realty (June 2021) signalled sponsor appetite and valuation for public DC REITs.,E4,3,L,,No causal link to timing.,PROPOSED: bidder references to QTS in proxy background. | Result: NOT RUN,S09,Announcement 2021-11-15 unless source dated otherwise,No,CLAUDE_IFR_T009,B01C,v0.3-calibration-freeze,UNADJUDICATED (independent recode; model recommendation only),n/a,
T009-C25,T009,SPTRD1918006,ST,ST-01,Whole-company acquisition,N/A (context facet),Acquisition of 100% of CyrusOne common stock for $90.50 cash per share by reverse triangular merger (Cavalry Merger Sub LLC into CyrusOne; CyrusOne survives as wholly owned subsidiary of Cavalry Parent L.P.).,E1,7,M,,n/a,n/a | Result: n/a,S02;S01;S06,Announcement 2021-11-15 unless source dated otherwise,No,CLAUDE_IFR_T009,B01C,v0.3-calibration-freeze,UNADJUDICATED (independent recode; model recommendation only),n/a,
T009-C26,T009,SPTRD1918006,ST,ST-08,Take-private,N/A (context facet),Nasdaq-listed CyrusOne (CONE) delisted on completion 2022-03-25.,E1,7,M,,n/a,n/a | Result: n/a,S06,Announcement 2021-11-15 unless source dated otherwise,No,CLAUDE_IFR_T009,B01C,v0.3-calibration-freeze,UNADJUDICATED (independent recode; model recommendation only),n/a,
T009-C27,T009,SPTRD1918006,FI,FI-01,Acquisition debt,R-E,"Acquisition financing included debt structured by KKR Capital Markets; amounts, instruments and leverage at entry NOT captured.",E1,6,L,,All-equity funding (unlikely).,PROPOSED: DEFM14A 'Financing of the Merger'. | Result: NOT RUN,S06,Announcement 2021-11-15 unless source dated otherwise,No,CLAUDE_IFR_T009,B01C,v0.3-calibration-freeze,UNADJUDICATED (independent recode; model recommendation only),n/a,
T009-C28,T009,SPTRD1918006,II,II-01,Preserve standalone platform,N/A (context facet),Ex-ante intent (2021-11-15): support CyrusOne's own growth and footprint expansion as a distinct platform; no combination with other holdings stated. Closing-day release (S06) excluded as it post-dates completion.,E4,6,L,,II-07 governance-only ownership; II-03 selective integration with other sponsor DC holdings.,"R38: intent source 2021-11-15 precedes close 2022-03-25. Standalone intent is inferred, not stated. | Result: R38 PASS",S01,2021-11-15,Yes (OU only),CLAUDE_IFR_T009,B01C,v0.3-calibration-freeze,UNADJUDICATED (independent recode; model recommendation only),n/a,
T009-C29,T009,SPTRD1918006,OU,OU-03,Capex follow-through,N/A (context facet),Post-close investment: Northern Virginia land purchase (2023-01-18); 50/50 CyrusOne KEP JV with Kansai Electric (May 2023; ~JPY 1tn / ~900 MW target; first 48 MW Osaka project); ~$9.7bn additional debt facilities (2024).,E1,7,L,,n/a,Corroborates BM-23/PG-01 direction; non-discriminating on capital cost. | Result: n/a,S12;S13;S14,Announcement 2021-11-15 unless source dated otherwise,Yes (OU only),CLAUDE_IFR_T009,B01C,v0.3-calibration-freeze,UNADJUDICATED (independent recode; model recommendation only),n/a,
T009-C30,T009,SPTRD1918006,OU,OU-01,Integration of acquired operations,N/A (context facet),Observed: CyrusOne continues as standalone branded platform; sponsor board appointed external CEO Eric Schwartz effective 2022-10-01. No integration with other sponsor holdings found. Consistent with II-01.,E1,6,L,,n/a,II-01 vs OU-01 consistent | Result: n/a,S11;S12,Announcement 2021-11-15 unless source dated otherwise,Yes (OU only),CLAUDE_IFR_T009,B01C,v0.3-calibration-freeze,UNADJUDICATED (independent recode; model recommendation only),n/a,
T009-C31,T009,SPTRD1918006,OU,OU-09,Exit / realised return outcome,N/A (context facet),No realised exit found as of 2026-09-27. 2026 reports (anonymous sources) of a possible IPO as early as 2027. Outcome pending.,E5,n/a,L,,n/a,Await exit/IPO pricing. | Result: n/a,S16,Announcement 2021-11-15 unless source dated otherwise,Yes (OU only),CLAUDE_IFR_T009,B01C,v0.3-calibration-freeze,UNADJUDICATED (independent recode; model recommendation only),n/a,
T009-C32,T009,SPTRD1918006,AT,AT-03,Premium exceeds capturable value,N/A (anti-thesis),Kill condition: realised return / exit value below entry value plus capital invested would indicate the ~25% premium exceeded capturable value.,E5,n/a,L,,n/a,Exit or mark-to-market vs entry. | Result: NOT RUN,S01;S16,Announcement 2021-11-15 unless source dated otherwise,No,CLAUDE_IFR_T009,B01C,v0.3-calibration-freeze,UNADJUDICATED (independent recode; model recommendation only),n/a,
T009-C33,T009,SPTRD1918006,BO,BO-05,Capital-deployment pressure,N/A (overlay),No admissible indicator of deployment pressure distorting price or selection. Fund-vintage/investment-period claims found only in aggregator snippets (excluded).,E5,2,L,,n/a,PROPOSED: fund investment-period timing from primary fund documents; premium vs comparables. | Result: NOT RUN,S06,Announcement 2021-11-15 unless source dated otherwise,No,CLAUDE_IFR_T009,B01C,v0.3-calibration-freeze,UNADJUDICATED (independent recode; model recommendation only),n/a,
T009-C34,T009,SPTRD1918006,AT,AT-10,Contract churn or concentration,N/A (anti-thesis),Kill condition: heavy dependence on a few hyperscale tenants with short remaining terms would undermine both BM-06.2 and BM-23. Customer concentration data NOT captured.,E5,n/a,L,,n/a,10-K top-customer concentration and lease tenor. | Result: NOT RUN,S08,Announcement 2021-11-15 unless source dated otherwise,No,CLAUDE_IFR_T009,B01C,v0.3-calibration-freeze,UNADJUDICATED (independent recode; model recommendation only),n/a,
