Residual ID,Sample ID,MI Transaction ID,Current Concept(s),Residual Type,Description,Proposed Resolution,Evidence / Source IDs,Decision-Consequence Test,Research Priority,Status,Adjudication Note,Codebook Version
RS01,R020,SPTRD1533572,ST-01;ST-06,bad_data,SOURCE Transaction Type 'M&A - Whole' conflicts with verified majority-stake acquisition in which the Permira funds (and per S22 management) retain significant stakes.,VERIFIED type: M&A - majority stake (control acquisition; seller rollover). SOURCE field left immutable.,S01;S02;S03;S22,Changes structure coding (ST-06 co-coded) and any whole-vs-minority stratification.,High,OPEN,,v0.3-calibration-freeze
RS02,R020,SPTRD1533572,ST-01,bad_data,"SOURCE Completion Date 2020-01-24 is unverified. It falls exactly 12 months after announcement; announcement expected Q1 2019 close; Nov 2020 press calls Teraco 'Berkshire-backed'. No closing notice or Competition Commission decision retrieved. VERIFIED status Completed rests on post-deal ownership evidence (S12, S14-S16).",Keep status Completed (verified by later ownership); closing date UNRESOLVED; retrieve Commission merger decision (2019) and Berkshire/Teraco closing notice.,S01;S12;S14;S16;S22,Affects R38 ordering (not binding here since intent sources pre-date any closing) and OU timing.,High,OPEN,,v0.3-calibration-freeze
RS03,R020,SPTRD1533572,SM-04,bad_data,SOURCE Seller 'Permira Advisers Ltd.' is the adviser entity; the selling shareholders are the Permira funds (2022 filings name TDE Luxco). S22 also names the management team as sellers; management selling is not confirmed in retrieved primary text.,"VERIFIED seller: Permira funds (advised by Permira Advisers) and, per aggregator only, Teraco management.",S01;S02;S15;S22,Seller-motive coding attaches to Permira funds; management motive E5.,Medium,OPEN,,v0.3-calibration-freeze
RS04,R020,SPTRD1533572,VM-11;AT-03,insufficient_evidence,"Consideration, equity value, EV, debt and stake percentage undisclosed. Bloomberg reported a pre-deal expectation of $600m-$1bn including debt (not a deal value). A $1bn 'valuation' claim appears only in an unattributed search summary (S13).",Record value as UNDISCLOSED; do not impute. Seek Berkshire fund reports or Teraco holdco AFS.,S06;S07;S13;S22,Blocks VM-11 and AT-03 testing.,Medium,OPEN,,v0.3-calibration-freeze
RS05,R020,SPTRD1533572,ALL,insufficient_evidence,"Source access limitation: every source page body was blocked by the session egress policy (403 on CONNECT for teraco.co.za, permira.com, berkshirepartners.com, saflii.org, sec.gov, bloomberg.com, web.archive.org and others). All evidence comes from search-index snippets and search-tool summaries. One summary contained a demonstrable error (it dated the Digital Realty agreement to July 2026 although S14/S15 are dated 2022-01-03). Quotes in S03/S05 are as returned by the search tool and are not verified verbatim.",Treat as a provisional recode. Rerun body verification with the listed hosts allowed; confirm quotes verbatim before any comparison weight is given.,S01;S02;S03;S05;S06;S14;S15,Caps source confidence at M; no claim graded H except the multi-source 2022 exit.,High,OPEN,,v0.3-calibration-freeze
RS06,R020,SPTRD1533572,PC-08,insufficient_evidence,"Deal subject to Competition Commission approval, but approval decision, date and instrument/effective-date details were not retrievable. R27 cannot be satisfied, so no PC code is positive.",Retrieve 2019 Commission decision and cite the operative merger-control provisions with dates.,S01;S22,PC-08 would be R-E (timing/feasibility) only; no motive consequence.,Low,OPEN,,v0.3-calibration-freeze
RS07,R020,SPTRD1533572,BM-23,missing_theory,Sponsor 'buy-and-grow' thesis (majority control of a growth platform to fund organic capacity expansion and realise on exit) has no terminal child under BM-23; only BM-23.2 governance exists. Coded BM-23 with VM-07 lever to satisfy R37.,Adjudicate a candidate child such as 'growth-capital control of a platform' or confirm BM-23 plus VM lever as sufficient.,S03;S05,Recurs across sponsor-to-sponsor secondaries; affects R37 flags.,Medium,OPEN,,v0.3-calibration-freeze
RS08,R020,SPTRD1533572,BM-26;RO-15;VM-07,parent_child,"Ecosystem acquisition (BM-26, candidate per MI21) fits the stated 'highly interconnected ecosystems' rationale. Not coded under the freeze; RO-15 plus VM-07 used. Evidence for MI21 empirical resolution.",Carry to MI21 calibration evidence.,S03;S18,Would change counterparty screen for ecosystem-led theses.,Medium,OPEN,,v0.3-calibration-freeze
RS09,R020,SPTRD1533572,AR-04,bad_data,Acquisition vehicle identity unverified. 2022 documents name TDE Luxco and BPESAL V2 S.a r.l. as sellers and TDE Investments (Pty) Ltd as holdco; mapping of vehicles to Berkshire or Permira is not confirmed in retrieved text.,Confirm vehicles from the Digital Realty SPA exhibit or Tribunal reasons.,S15;S17,Identity precision only; no motive consequence.,Low,OPEN,,v0.3-calibration-freeze
RS10,R020,SPTRD1533572,RO-01;RO-02,insufficient_evidence,Operating versus development metrics: 30MW is installed critical power load at signing (operating); 60MW is a target 'over the next few years' (S05) or '4-5 years' (S06). JB4 (19MW phase 1; 38MW) is a post-close 2020 development. These must not be conflated.,Keep RO-01 operating at 30MW; RO-02 E4.,S01;S05;S06;S12,Prevents inflating capacity acquired.,Low,OPEN,,v0.3-calibration-freeze
RS11,R020,SPTRD1533572,,bad_data,"SOURCE-row field 'Ultimate Parent' shows Digital Realty Trust, which reflects post-2022 ownership and is anachronistic for the 2019 event.",Ignore for 2019 identity; no SOURCE change.,S16;S22,Avoids back-dating Digital Realty into the 2019 deal.,Low,OPEN,,v0.3-calibration-freeze
RS12,R020,SPTRD1533572,,bad_data,"SOURCE-row field 'Total Amount Raised ($000) 23,794' is unexplained and not tied to this event.",Not used.,S22,None.,Low,OPEN,,v0.3-calibration-freeze
RS13,R020,SPTRD1533572,PR-01;BC-05;BM-23,wrong_layer,"Causal grammar permits PR to reach BM only via BC. For a financial buyer the market-growth root cause (PR-01, coded R-P) has no natural BC node; edge routed PR-01 creates BC-05 at E4.",Review whether grammar needs PR informs VM or PR to BM-23 for financial archetypes.,S03,Affects graph construction for sponsor deals.,Low,OPEN,,v0.3-calibration-freeze
