Source ID,Sample ID,MI Transaction ID,URL,Source Title,Publisher / Author,Source Type,Publication Date,Access Date,Claims Supported,Exact Extract / Key Fact,Claim-Dependent Confidence,Limitations / Incentives,Archived / Stable URL?
S01,R020,SPTRD1533572,https://www.teraco.co.za/news/berkshire-partners-to-invest-in-teraco/,Berkshire Partners to Invest in Teraco,Teraco Data Environments,Party primary: target press release,2019-01-24,2026-09-27,C01;C04;C05;C06;C10;C13;C14;C16;C18;C19;C21;C31,"On January 24, 2019, Teraco Data Environments announced that Berkshire Partners LLC, a Boston-based investment firm, entered into a definitive agreement to acquire a majority stake in the company. The Permira funds, an existing shareholder, remained a significant investor. Teraco, based in Johannesburg and established in 2008, is the largest provider of datacentre services in Africa. Five high-quality facilities with 30MW of critical power load serving more than 450 clients across five core ecosystems: telecoms, managed service providers, content, enterprise, and financial services. The Permira funds initially backed a Teraco management buyout in December 2014; the business has multiplied its capacity more than six times. Subject to regulatory approval and customary closing conditions; expected close in the first quarter of 2019.",M for stated rationale/facts (snippet only),"Target is an interested party; body not retrieved; date from search index. SEARCH_INDEX_SNIPPET_ONLY: page body fetch refused by session egress policy (HTTP 403 CONNECT); text below is the search tool's returned summary/snippet, not a verbatim source body",No (archive fetch blocked)
S02,R020,SPTRD1533572,https://media.permira.com/media/d2dkecd2/berkshire-invests-in-teraco-final.pdf,BERKSHIRE PARTNERS TO INVEST IN TERACO DATA ENVIRONMENTS (press release PDF),Permira,Party primary: seller press release,2019-01-24,2026-09-27,C05;C19,Search index lists this PDF as carrying the joint announcement: definitive agreement for Berkshire Partners to acquire a majority stake; the Permira funds will remain a significant investor; Permira backed a management buyout in December 2014 and capacity multiplied more than six times.,M for seller facts (snippet only),"Seller is an interested party; PDF body not retrieved; date inferred from joint release timing. SEARCH_INDEX_SNIPPET_ONLY: page body fetch refused by session egress policy (HTTP 403 CONNECT); text below is the search tool's returned summary/snippet, not a verbatim source body",No (archive fetch blocked)
S03,R020,SPTRD1533572,https://berkshirepartners.com/berkshire-partners-to-invest-in-teraco-data-environments/,Berkshire Partners to Invest in Teraco Data Environments,Berkshire Partners,Party primary: buyer press release,2019-01-24,2026-09-27,C01;C02;C03;C04;C10;C14;C18;C21;C22;C23;C30,"Larry Hamelsky, a Managing Director at Berkshire Partners: ""We believe that Teraco is exceptionally well-positioned to capitalize on the fast growth of the Sub-Saharan datacentre infrastructure market given its highly interconnected ecosystems, well-designed facilities, and ability to offer a wide array of deployments."" Berkshire Partners LLC, a Boston-based investment firm, entered into a definitive agreement to acquire a majority stake in Teraco; expected close Q1 2019.",M for stated rationale (snippet only),"Buyer is an interested party; body not retrieved. SEARCH_INDEX_SNIPPET_ONLY: page body fetch refused by session egress policy (HTTP 403 CONNECT); text below is the search tool's returned summary/snippet, not a verbatim source body",No (archive fetch blocked)
S04,R020,SPTRD1533572,https://www.permira.com/news-and-insights/announcements/berkshire-partners-to-invest-in-teraco-data-environments,Berkshire Partners to invest in Teraco Data Environments,Permira,Party primary: seller announcement page,2019-01-24,2026-09-27,C05,Same announcement as S02 per search index: majority stake to Berkshire; Permira funds remain a significant investor.,M for seller facts (snippet only),"Duplicate of S02 content per search index; body not retrieved. SEARCH_INDEX_SNIPPET_ONLY: page body fetch refused by session egress policy (HTTP 403 CONNECT); text below is the search tool's returned summary/snippet, not a verbatim source body",No (archive fetch blocked)
S05,R020,SPTRD1533572,https://pressoffice.mg.co.za/teraco/content/dgp45qa6OezvX9l8,Berkshire Partners to invest in Teraco Data Environments (Teraco press office),Teraco via Mail & Guardian press office,Party primary republished,2019-01-24,2026-09-27,C02;C04;C17;C21;C22;C23,"Jan Hnizdo, Managing Director of Teraco: ""Berkshire Partners is a like-minded and committed long-term partner that shares our vision for the future: to continue to invest in Teraco's world-class datacentre facilities, allowing us to support the digital interconnected enterprise, and meeting the high standards of service that are expected from us."" ""Over the next few years, we aim to double our installed critical power load from 30MW to 60MW and we look forward to working closely with Berkshire Partners on this ambitious growth journey.""",M for stated rationale/facts (snippet only),"Republication of target release; body not retrieved. SEARCH_INDEX_SNIPPET_ONLY: page body fetch refused by session egress policy (HTTP 403 CONNECT); text below is the search tool's returned summary/snippet, not a verbatim source body",No (archive fetch blocked)
S06,R020,SPTRD1533572,https://www.bloomberg.com/news/articles/2019-01-24/berkshire-partners-buys-stake-in-africa-data-center-firm-teraco,Berkshire Partners Buys Stake in Africa's Biggest Data Center,Bloomberg News,Independent press,2019-01-24,2026-09-27,C01;C02;C04;C12;C17;C28;C32,"Berkshire Partners LLC acquired a stake in Teraco Data Environments Pty Ltd., becoming the biggest shareholder in Africa's largest data-center to capitalize on growing demand for internet and cloud-based services on the continent. Teraco was expected to fetch between $600 million and $1 billion, including debt; the value of the transaction wasn't disclosed. Teraco planning to double installed capacity to 60 megawatts in the coming four to five years.",M for facts; L for valuation ranges,"Paywall; valuation range is a pre-deal expectation attributed to unnamed sources, not a deal value. SEARCH_INDEX_SNIPPET_ONLY: page body fetch refused by session egress policy (HTTP 403 CONNECT); text below is the search tool's returned summary/snippet, not a verbatim source body",No (archive fetch blocked)
S07,R020,SPTRD1533572,https://www.bloomberg.com/news/articles/2018-11-09/permira-is-said-to-seek-buyers-for-south-africa-data-center-firm,Permira Is Said to Seek Buyers for South Africa Data Center Firm,Bloomberg News,Independent press (sourced leak),2018-11-09,2026-09-27,C06;C07;C08;C09;C12;C16;C33,"Permira working with an adviser to find a buyer for Teraco Data Environments Pty Ltd. (November 2018). Could fetch $600 million to $1 billion including debt, per people familiar. Permira backed a management buyout in 2015 [sic; S01 says December 2014]. Clients include China Telecom Global Ltd. and Amazon Web Services.",M for facts; L for valuation ranges,"Unnamed sources; paywall. SEARCH_INDEX_SNIPPET_ONLY: page body fetch refused by session egress policy (HTTP 403 CONNECT); text below is the search tool's returned summary/snippet, not a verbatim source body",No (archive fetch blocked)
S08,R020,SPTRD1533572,https://www.torchpartners.com/deals/teraco-berkshire-partners,Majority sale of Teraco to Berkshire Partners,Torch Partners,Adviser credential page,unknown,2026-09-27,C08,"Page title: 'Majority sale of Teraco to Berkshire Partners' (Torch Partners, sell-side adviser credential).",L-M; process fact only,"Adviser marketing; title only from index. SEARCH_INDEX_SNIPPET_ONLY: page body fetch refused by session egress policy (HTTP 403 CONNECT); text below is the search tool's returned summary/snippet, not a verbatim source body",No (archive fetch blocked)
S09,R020,SPTRD1533572,https://www.datacenterdynamics.com/en/news/berkshire-partners-take-majority-stake-teraco-africas-largest-data-center-company/,"Berkshire Partners to take majority stake in Teraco, Africa's largest data center company",DatacenterDynamics,Trade press,2019-01,2026-09-27,,Headline only plus repetition of release facts per index.,L-M; derivative,"Derivative of party release. SEARCH_INDEX_SNIPPET_ONLY: page body fetch refused by session egress policy (HTTP 403 CONNECT); text below is the search tool's returned summary/snippet, not a verbatim source body",No (archive fetch blocked)
S10,R020,SPTRD1533572,https://techcentral.co.za/teraco-berkshire-partners-deal/178085/,Berkshire Partners to buy majority stake in Teraco,TechCentral,Trade press (ZA),2019-01,2026-09-27,C05;C13;C16,"Permira funds remain a 'significant' investor alongside Berkshire; five facilities, 30MW critical power load, about 450 clients including global Internet companies.",L-M; derivative,"Derivative of party release. SEARCH_INDEX_SNIPPET_ONLY: page body fetch refused by session egress policy (HTTP 403 CONNECT); text below is the search tool's returned summary/snippet, not a verbatim source body",No (archive fetch blocked)
S11,R020,SPTRD1533572,https://mybroadband.co.za/news/cloud-hosting/293500-teraco-confirms-berkshire-partners-is-its-new-owner.html,Teraco confirms Berkshire Partners is its new owner,MyBroadband,Trade press (ZA),2019-01,2026-09-27,C10;C11;C15,"Teraco confirmed Berkshire entered into an agreement to acquire a majority stake; hosts NAPAfrica, the continent's largest Internet Exchange Point; subject to regulatory approval; expected close Q1 2019.",L-M; derivative,"Headline wording 'new owner' precedes closing; derivative of release. SEARCH_INDEX_SNIPPET_ONLY: page body fetch refused by session egress policy (HTTP 403 CONNECT); text below is the search tool's returned summary/snippet, not a verbatim source body",No (archive fetch blocked)
S12,R020,SPTRD1533572,https://www.bloomberg.com/news/articles/2020-11-03/berkshire-backed-teraco-plans-250-million-african-data-center,Berkshire-Backed Teraco Plans $250m Africa Data Center,Bloomberg News; republished Data Center Knowledge / Moneyweb,Independent press,2020-11-03,2026-09-27,C24;C26,"Teraco, backed by Berkshire Partners, investing $250 million to build Africa's largest single-site facility (JB4) in Johannesburg (Ekurhuleni); two phases; funding from shareholders and main lenders; phase 1 about 19MW expected Q1 2022; phase 2 38MW subject to demand.",M for facts; L for valuation ranges,"Post-close; used for OU only. SEARCH_INDEX_SNIPPET_ONLY: page body fetch refused by session egress policy (HTTP 403 CONNECT); text below is the search tool's returned summary/snippet, not a verbatim source body",No (archive fetch blocked)
S13,R020,SPTRD1533572,https://thetechcapital.com/berkshire-partners-teraco-opens-half-of-1m-sqft-data-centre-expansion/,Berkshire Partners' Teraco opens half of 1m sqft data centre expansion,The Tech Capital,Trade press,unknown (post-2020),2026-09-27,,"Search summary attributes: 'Berkshire acquired a majority stake in Teraco in early 2019 from Permira Funds, at a valuation of $1 billion.' Attribution to this page is uncertain (summary merged several results).",L-M; derivative,"Undated in index; valuation claim unattributed; WEAK, not used as evidence for value. SEARCH_INDEX_SNIPPET_ONLY: page body fetch refused by session egress policy (HTTP 403 CONNECT); text below is the search tool's returned summary/snippet, not a verbatim source body",No (archive fetch blocked)
S14,R020,SPTRD1533572,https://www.businesswire.com/news/home/20220103005468/en/Berkshire-Partners-and-Permira-to-Sell-Majority-Stake-in-Teraco-Data-Environments-to-Digital-Realty,Berkshire Partners and Permira to Sell Majority Stake in Teraco Data Environments to Digital Realty,Berkshire Partners / Permira via Business Wire,Party primary: seller press release (2022),2022-01-03,2026-09-27,C25;C26,"Berkshire Partners and Permira signed a definitive agreement with Digital Realty to acquire a majority of their respective stakes in Teraco; Berkshire, the Permira funds and van Rooyen Group retain minority interests; Teraco serves more than 550 carrier and enterprise clients.",M (snippet),"Post-close; OU only. SEARCH_INDEX_SNIPPET_ONLY: page body fetch refused by session egress policy (HTTP 403 CONNECT); text below is the search tool's returned summary/snippet, not a verbatim source body",No (archive fetch blocked)
S15,R020,SPTRD1533572,https://www.sec.gov/Archives/edgar/data/1297996/000155837022000016/dlr-20220103x8k.htm,"Digital Realty Trust, Inc. Form 8-K and Ex.99.1 (Teraco acquisition)",Digital Realty Trust / SEC EDGAR,Regulatory filing,2022-01-03,2026-09-27,C25,"Digital Titan entered definitive agreements with TDE Luxco, BPESAL V2 S.a r.l and other sellers to acquire a majority interest in TDE Investments for approximately $1.7 billion; post-close Digital Titan about 55% of economic interests; about 45% retained by TDE Investments management and existing investors; transaction values Teraco at approximately $3.5 billion; about 3.5% cap rate on projected 2022 cash NOI of about $121 million.",H for 2022 terms if body verified; M as snippet,"Post-close; OU and vehicle identity only. SEARCH_INDEX_SNIPPET_ONLY: page body fetch refused by session egress policy (HTTP 403 CONNECT); text below is the search tool's returned summary/snippet, not a verbatim source body",No (archive fetch blocked)
S16,R020,SPTRD1533572,https://www.nasdaq.com/press-release/digital-realty-completes-acquisition-of-teraco-2022-08-01,Digital Realty Completes Acquisition of Teraco,Digital Realty via Nasdaq,Party primary: acquirer release (2022),2022-08-01,2026-09-27,C25,"Completed acquisition of 55% majority interest; remaining 45% held by existing investors including management, Berkshire Partners LLC, Permira, van Rooyen Group, Columbia Capital, StepStone Ventures and the Teraco Connect Trust.",M (snippet),"Post-close; OU only. SEARCH_INDEX_SNIPPET_ONLY: page body fetch refused by session egress policy (HTTP 403 CONNECT); text below is the search tool's returned summary/snippet, not a verbatim source body",No (archive fetch blocked)
S17,R020,SPTRD1533572,https://www.saflii.org/za/cases/ZACT/2022/27.html,Digital Titan (Pty) Ltd v TDE Investments (Pty) Ltd (LM165Jan22) [2022] ZACT 27,Competition Tribunal of South Africa (SAFLII),Regulator decision,2022-08-18,2026-09-27,C25,Tribunal conditionally approved Digital Titan's indirect acquisition of shares in TDE Investments (holding Teraco Data Environments and subsidiaries); Commission had recommended conditional approval in April 2022.,H for 2022 legal facts if verified; M as snippet,"Post-close; concerns 2022 deal, not 2019 event. SEARCH_INDEX_SNIPPET_ONLY: page body fetch refused by session egress policy (HTTP 403 CONNECT); text below is the search tool's returned summary/snippet, not a verbatim source body",No (archive fetch blocked)
S18,R020,SPTRD1533572,https://www.teraco.co.za/news/napafrica-ixp-ranks-top-15-globally/,NAPAfrica IXP ranks in top 15 globally,Teraco Data Environments,Party primary: target news,2018,2026-09-27,C10;C11;C15;C30,As of 2018 NAPAfrica ranked in the top 15 largest global IXPs with 323 members; interconnection and content hub for sub-Saharan Africa.,M for stated rationale/facts (snippet only),"Self-reported ranking. SEARCH_INDEX_SNIPPET_ONLY: page body fetch refused by session egress policy (HTTP 403 CONNECT); text below is the search tool's returned summary/snippet, not a verbatim source body",No (archive fetch blocked)
S19,R020,SPTRD1533572,https://berkshirepartners.com/private-equity/digital-infrastructure/,Digital Infrastructure; Background & History,Berkshire Partners,Party primary: buyer website,unknown (current),2026-09-27,C01;C03;C04;C22;C29,"Berkshire was among founding investors in what became Crown Castle; through the 2010s invested in data centers, fiber, towers and tech services; digital infrastructure strategy targets middle-market shared wireless, data center and network infrastructure.",M for stated rationale (snippet only),"Current self-description; not point-in-time 2019. SEARCH_INDEX_SNIPPET_ONLY: page body fetch refused by session egress policy (HTTP 403 CONNECT); text below is the search tool's returned summary/snippet, not a verbatim source body",No (archive fetch blocked)
S20,R020,SPTRD1533572,https://azure.microsoft.com/en-us/blog/microsoft-opens-first-datacenters-in-africa-with-general-availability-of-microsoft-azure/,Microsoft opens first datacenters in Africa with general availability of Microsoft Azure,Microsoft Azure Blog,Third-party primary,2019-03-06,2026-09-27,C27;C33,"Microsoft launched Azure regions in Johannesburg and Cape Town in March 2019, first hyperscale cloud provider with data centres in South Africa.",M for its own launch date,"Context only; post-signing; no Teraco link in retrieved text. SEARCH_INDEX_SNIPPET_ONLY: page body fetch refused by session egress policy (HTTP 403 CONNECT); text below is the search tool's returned summary/snippet, not a verbatim source body",No (archive fetch blocked)
S21,R020,SPTRD1533572,https://www.datacenterdynamics.com/en/news/african-colocation-expert-teraco-changes-ownership/,African colocation expert Teraco changes ownership; Permira to acquire Teraco,DatacenterDynamics; PE Hub; Balancing Act,Trade press,2014-12 / 2015,2026-09-27,C06,Permira bought 100% of Teraco's equity in partnership with management; Permira's first African investment; completion expected Q1 2015; intended to support growth including expansion into sub-Saharan Africa.,L-M; derivative,"Prior transaction context. SEARCH_INDEX_SNIPPET_ONLY: page body fetch refused by session egress policy (HTTP 403 CONNECT); text below is the search tool's returned summary/snippet, not a verbatim source body",No (archive fetch blocked)
S22,R020,SPTRD1533572,packet://raw_deals.jsonl#R020,S&P Capital IQ / Market Intelligence record SPTRD1533572 (packet raw_deals.jsonl),S&P Global Market Intelligence (packet),Aggregator database,2019-01-24 (event); record undated,2026-09-27,C05;C08;C18;C20;C31,"Deal summary: majority stake from Permira Advisers Ltd. and the management team; Permira and management remain significant investors; subject to Competition Commission approval; advisers Torch Partners (Permira), Skadden (Permira), Barclays (Berkshire), Jamieson (management); features include LBO and New Shareholder Gaining Majority Control; Completion Date 2020-01-24; Ultimate parent shown as Digital Realty Trust.",L; identity cross-check only,Aggregator; SOURCE fields immutable; some fields anachronistic. Full packet file,No (archive fetch blocked)
