edge_id,sample_id,from_claim_id,to_claim_id,edge_type,source_ids,rationale
E01,R020,C01,C04,selects,S03;S19,Sponsor archetype selects the financial ownership-value motive layer. [E3]
E02,R020,C03,C04,activates,S03,Deployable fund capital makes the financial thesis live (fund not sourced). [E4]
E03,R020,C04,C14,requires,S03;S01,Thesis requires control of the interconnected ecosystem named in the rationale. [E1]
E04,R020,C04,C13,requires,S01,Thesis requires the 30MW operating platform. [E1]
E05,R020,C14,C10,realises,S03,Ecosystem control realises density effects (stated 'highly interconnected ecosystems'). [E1]
E06,R020,C15,C11,realises,S18,IXP hub may yield scarcity rent; untested. [E4]
E07,R020,C05,C08,creates,S07;S08,Seller objective to monetise while retaining produced an adviser-led sale process. [E3]
E08,R020,C06,C08,creates,S07;S01,Possible fund-life pressure (hold since Dec 2014) behind the process; unsourced term. [E4]
E09,R020,C08,C19,affects,S01;S08,Process outcome took the partial sell-down form with seller rollover. [E3]
E10,R020,C20,C18,enables,S22,Aggregator-flagged LBO debt enables the control acquisition; unverified. [E4]
E11,R020,C04,C22,implemented through,S05,Financial thesis implemented through standalone platform intent. [E3]
E12,R020,C22,C24,compared with,S12,Post-close JB4 capex consistent with stated invest-and-grow plan. [E1]
E13,R020,C24,C04,corroborates,S12,Capex follow-through consistent with the growth-capture thesis (no E2 upgrade: BM-23 is E3). [E1]
E14,R020,C25,C04,corroborates,S14;S15;S16,2022 majority sale to Digital Realty is the sponsor realisation predicted by the financial thesis. [E1]
E15,R020,C27,C04,refutes,S20,Kill test: new supply erodes the ecosystem/scarcity position. [E4]
E16,R020,C02,C03,creates,S03;S06,Grammar gap: PR has no permitted edge to a financial motive except via BC; routed via BC-05 and logged as RS13. [E4]
