claim_id,sample_id,mi_transaction_id,concept_id,facet,claim_text,evidence_state,likelihood_band,source_confidence,driver_role,counterfactual,source_ids,factual_basis,rival,discriminating_test,test_passed,closing_date,intent_source_date,intent_source_ids,e1_source_ids,outcome_source_ids,outcome_concept_id,policy_instrument,policy_jurisdiction,policy_status,policy_effective_date,policy_channel,policy_layer,policy_sign,value_lever,decision_authority,human_reviewer_decision,gold_eligible
C01,T010,SPTRD1784042,AR-01,AR,"Buyer is Richtek Technology Corp., a wholly owned, delisted subsidiary of listed strategic corporate MediaTek Inc.; MediaTek made the announcement on Richtek's behalf.",E1,7,M,n/a (context),,S02;S04;S16,Filing relay: '透過子公司立錡科技收購'; Richtek wholly owned by MediaTek from 2Q16 and delisted.,AR-02 (Richtek as private company) rejected: ultimate parent MediaTek is listed.,n/a (context field),n/a (no E3 claims),NOT CLOSED (terminated by mutual agreement; announced 2021-07-27),,,S02;S04;S16,,,,,,,,,,,model_recommendation,,N
C02,T010,SPTRD1784042,PR-01,PR,"Structural growth in data-centre / enterprise compute (FPGA, CPU, ASIC power delivery) made entry into enterprise power management attractive.",E4,4,L,R-C,,S07;S08,CEO frames deal as data-centre entry; Intel frames its own reinvestment toward cloud/AI. No market-sizing claim by the buyer captured.,PR-02 technological inflection (high-frequency integrated PowerSoC); no market condition operative (deal is purely portfolio fill).,Proposed: buyer filings or investor-call transcripts citing DC/enterprise demand growth as rationale. Not run.,n/a (no E3 claims),NOT CLOSED (terminated by mutual agreement; announced 2021-07-27),,,,,,,,,,,,,,model_recommendation,,N
C03,T010,SPTRD1784042,BC-03,BC,Buyer-state deficit: Richtek had never penetrated data-centre power-management applications.,E1,6,M,R-C,,S07,蔡力行: '立錡在電源管理晶片一直做得很好，但始終未打入資料中心的應用'.,BC-08 core growth deceleration at MediaTek/Richtek (no evidence captured).,n/a (E1 party statement),n/a (no E3 claims),NOT CLOSED (terminated by mutual agreement; announced 2021-07-27),,,S07,,,,,,,,,,,model_recommendation,,N
C04,T010,SPTRD1784042,BM-05,BM,"Primary buyer motive: enter the enterprise / data-centre customer segment (FPGA, SoC, CPU, ASIC power delivery) that Richtek did not serve.",E1,6,M,R-P,"Without the enterprise/data-centre segment-entry purpose the deal disappears: Richtek already had broad consumer/mobile PMIC capability, and an $85m sub-scale FPGA-attached product line adds little scale or capability outside that segment.",S02;S03;S04;S06;S07,Filing relay: '拓展產品線，提供...整合式高頻、高效率的電源解決方案至企業級系統應用'; CEO: '是一個進入資料中心很好的切入點'.,BM-04 product-scope expansion (co-coded contributory); BM-07 technology acquisition; BM-11 horizontal scale; BM-19 diversification; BM-06 customer acquisition (Google).,"n/a for E1. Discriminator vs BM-11: stated purpose names a new end-segment, not scale.",n/a (no E3 claims),NOT CLOSED (terminated by mutual agreement; announced 2021-07-27),,,S02;S03;S04;S06;S07,,,,,,,,,,,model_recommendation,,N
C05,T010,SPTRD1784042,BM-04,BM,"Contributory buyer motive: add a product family (integrated high-frequency, high-efficiency PowerSoCs, controllers and power stages for FPGA/SoC/CPU/ASIC loads) Richtek did not offer.",E1,5,M,R-C,,S02;S03;S04;S06,Filing relay: stated purpose '拓展產品線'.,BM-04.1 existing-product enhancement (Richtek already sells DC-DC converters); BM-05 carries the segment purpose.,n/a for E1. Open question whether BM-04 and BM-05 are separable here (single stated sentence).,n/a (no E3 claims),NOT CLOSED (terminated by mutual agreement; announced 2021-07-27),,,S02;S03;S04;S06,,,,,,,,,,,model_recommendation,,N
C06,T010,SPTRD1784042,BM-07,BM,Hypothesis: acquire Enpirion integrated-magnetics / high-frequency PowerSoC technology and IP the buyer lacked.,E4,4,L,R-C,,S02;S17,Filing relay stresses '整合式高頻、高效率'; Enpirion lineage is Bell Labs power/magnetics technology (2013 Altera deal).,Product line bought for revenue/customers (BM-06) rather than technology; buyer could build equivalent parts organically (AT-02).,"Proposed: asset purchase schedule showing patents and engineering team transfer; Richtek post-deal product roadmap. Not run (deal terminated, schedule not public).",n/a (no E3 claims),NOT CLOSED (terminated by mutual agreement; announced 2021-07-27),,,,,,,,,,,,,,model_recommendation,,N
C07,T010,SPTRD1784042,SM-01,SM,Primary seller motive: Intel exits a non-core power product line so its Programmable Solutions Group can focus on core FPGA.,E1,6,M,R-P,Without Intel's non-core exit intent there is no seller and no transaction; the line was otherwise embedded in Intel PSG's FPGA offer.,S08,Intel spokesperson: transaction would 'enable Intel's Programmable Solutions Group to focus on its core FPGA business'.,SM-09 liquidity need (rejected: $85m immaterial to Intel); SM-10 valuation timing (no evidence).,n/a for E1. Post-termination discontinuation (C15) is consistent but not graded to E2 (see RES-06).,n/a (no E3 claims),NOT CLOSED (terminated by mutual agreement; announced 2021-07-27),,,S08,,,,,,,,,,,model_recommendation,,N
C08,T010,SPTRD1784042,SM-02,SM,"Contributory seller motive: redeploy resources to high-growth opportunities (5G, edge, AI, cloud).",E1,5,M,R-C,,S08,"Intel spokesperson: 'increase investment in high-growth opportunities ... 5G, edge computing, artificial intelligence and the cloud'.",SM-01 alone (refocus language may be boilerplate).,n/a for E1,n/a (no E3 claims),NOT CLOSED (terminated by mutual agreement; announced 2021-07-27),,,S08,,,,,,,,,,,model_recommendation,,N
C09,T010,SPTRD1784042,SI-01,SI,Situation: the target is a product line inside Intel (PSG) being separated by its corporate owner.,E1,7,M,R-E,,S02;S03;S08;S11,'英特爾旗下Enpirion電源管理晶片產品線相關資產'; 'Enpirion為英特爾FPGA事業群中負責電源管理晶片的部門'.,"SI-02 orphan/neglected asset (possible, no evidence).",n/a,n/a (no E3 claims),NOT CLOSED (terminated by mutual agreement; announced 2021-07-27),,,S02;S03;S08;S11,,,,,,,,,,,model_recommendation,,N
C10,T010,SPTRD1784042,ST-02,ST,Structure: purchase of product-line related assets (not shares) by Richtek from Intel and its subsidiaries.,E1,7,M,R-E,,S02;S04;S06;S13,'產品線相關資產'; 'assets related to the power management solutions product line sold under the Enpirion brand owned by Intel and its subsidiaries'.,ST-01 whole-company (rejected: Enpirion Inc. merged into Altera/Intel; assets not entity).,n/a,n/a (no E3 claims),NOT CLOSED (terminated by mutual agreement; announced 2021-07-27),,,S02;S04;S06;S13,,,,,,,,,,,model_recommendation,,N
C11,T010,SPTRD1784042,ST-09,ST,Structure: carve-out of a product line from its parent group.,E1,6,M,R-E,,S02;S08;S11,Product line separated from Intel PSG.,Pure asset sale without operational separation (perimeter unknown).,n/a,n/a (no E3 claims),NOT CLOSED (terminated by mutual agreement; announced 2021-07-27),,,S02;S08;S11,,,,,,,,,,,model_recommendation,,N
C12,T010,SPTRD1784042,RO-09,RO,"Resource object: Enpirion-branded power-management products (PowerSoCs, controllers, power stages) for FPGA/SoC/CPU/ASIC loads.",E1,7,M,n/a (object),,S02;S06;S08;S15,Filing relay product description; Intel PCN lists PowerSoCs/controllers/power stages.,n/a,n/a,n/a (no E3 claims),NOT CLOSED (terminated by mutual agreement; announced 2021-07-27),,,S02;S06;S08;S15,,,,,,,,,,,model_recommendation,,N
C13,T010,SPTRD1784042,RO-10,RO,Resource object (hypothesis): associated IP and designs formed part of the 'related assets'.,E4,5,L,n/a (object),,S02,Asset perimeter described only as '相關資產'.,Licence-only or inventory/customer-only perimeter.,Proposed: asset purchase agreement schedule. Not available.,n/a (no E3 claims),NOT CLOSED (terminated by mutual agreement; announced 2021-07-27),,,,,,,,,,,,,,model_recommendation,,N
C14,T010,SPTRD1784042,VM-01,VM,"Value mechanism (hypothesis): time compression, reaching the data-centre segment sooner than organic development.",E4,4,L,R-C,,S07,CEO calls the deal a good 'access' point into data centre.,VM-08 revenue synergy with MediaTek ASIC/server customers; VM-19 capability transfer.,Proposed: buyer disclosure of time-to-market versus build plan. Not run.,n/a (no E3 claims),NOT CLOSED (terminated by mutual agreement; announced 2021-07-27),,,,,,,,,,,,,Faster design-in with enterprise/DC customers,model_recommendation,,N
C15,T010,SPTRD1784042,VM-08,VM,Value mechanism (hypothesis): cross-sell of enterprise power parts alongside MediaTek group ASIC/server offers.,E4,3,L,R-C,,S07,CEO data-centre framing only; Google-order claim (S19) excluded as ambiguous.,VM-01; no synergy beyond standalone product revenue.,Proposed: customer/design-win disclosures pairing Richtek power with MediaTek ASICs. Not run.,n/a (no E3 claims),NOT CLOSED (terminated by mutual agreement; announced 2021-07-27),,,,,,,,,,,,,Bundled ASIC plus power-delivery design-ins,model_recommendation,,N
C16,T010,SPTRD1784042,PG-05,PG,Programme role: standalone / one-off acquisition; no evidence of a repeat power-management acquisition programme at announcement.,E4,5,L,n/a (context),,S02;S16,Only prior link is MediaTek's 2015-16 acquisition of Richtek itself; no captured programme statement.,PG-02 add-on to the Richtek platform within a MediaTek PMIC programme.,Proposed: MediaTek/Richtek acquisition history 2016-2021 in power management. Not run.,n/a (no E3 claims),NOT CLOSED (terminated by mutual agreement; announced 2021-07-27),,,,,,,,,,,,,,model_recommendation,,N
C17,T010,SPTRD1784042,OU-02,OU,Revealed seller behaviour AFTER TERMINATION (not after closing): Intel discontinued the Enpirion line (PDN2133 released 2021-09-17; final order 2022-03-18; last shipment 2023-03-31; PCN 118505-02 revision 2022-07-01).,E1,7,M,n/a (outcome),,S14;S15,PDN2133 dates relayed from Intel Community thread; PCN 118505-02 title.,Line transferred elsewhere (no evidence).,n/a,n/a (no E3 claims),NOT CLOSED (terminated by mutual agreement; announced 2021-07-27),,,S14;S15,S14;S15,OU-02,,,,,,,,,model_recommendation,,N
C18,T010,SPTRD1784042,,II,No ex-ante integration intent disclosed on or before any closing (deal never closed). Facet unknown.,E5,,L,n/a,,,Absence of disclosure in captured sources.,n/a,n/a,n/a (no E3 claims),NOT CLOSED (terminated by mutual agreement; announced 2021-07-27),,,,,,,,,,,,,,model_recommendation,,N
C19,T010,SPTRD1784042,,FI,Funding source not disclosed (cash consideration presumed by reporting but not verified). Facet unknown.,E5,,L,n/a,,,Absence of disclosure in captured sources.,n/a,n/a,n/a (no E3 claims),NOT CLOSED (terminated by mutual agreement; announced 2021-07-27),,,,,,,,,,,,,,model_recommendation,,N
C20,T010,SPTRD1784042,,CA,No dated catalyst for the 2020-11-16 announcement identified. Facet unknown.,E5,,L,n/a,,,Absence of disclosure in captured sources.,n/a,n/a,n/a (no E3 claims),NOT CLOSED (terminated by mutual agreement; announced 2021-07-27),,,,,,,,,,,,,,model_recommendation,,N
C21,T010,SPTRD1784042,,PC,"Closing was subject to 'certain legal procedures' (相關法律程序) that are unspecified; no instrument, jurisdiction, status or date identifiable, so no PC code under R27.",E5,,L,n/a,,S02;S06,Absence of disclosure in captured sources.,n/a,n/a,n/a (no E3 claims),NOT CLOSED (terminated by mutual agreement; announced 2021-07-27),,,,,,,,,,,,,,model_recommendation,,N
C22,T010,SPTRD1784042,,BO,"No behavioural indicators (premium, returns, impairment) available; deal never closed. Facet unknown.",E5,,L,n/a,,,Absence of disclosure in captured sources.,n/a,n/a,n/a (no E3 claims),NOT CLOSED (terminated by mutual agreement; announced 2021-07-27),,,,,,,,,,,,,,model_recommendation,,N
C23,T010,SPTRD1784042,,PS,No multi-deal programme evidenced. Facet unknown.,E5,,L,n/a,,,Absence of disclosure in captured sources.,n/a,n/a,n/a (no E3 claims),NOT CLOSED (terminated by mutual agreement; announced 2021-07-27),,,,,,,,,,,,,,model_recommendation,,N
C24,T010,SPTRD1784042,AT-02,AT,Kill condition: Richtek (an established PMIC vendor) could develop comparable enterprise power parts organically within the required time.,E5,,L,n/a (anti-thesis),,,Richtek's existing PMIC franchise; no evidence either way captured.,n/a,Whether condition held is untested (E5).,n/a (no E3 claims),NOT CLOSED (terminated by mutual agreement; announced 2021-07-27),,,,,,,,,,,,,,model_recommendation,,N
C25,T010,SPTRD1784042,AT-01,AT,"Kill condition: a supply, licence or partnership arrangement with Intel would deliver most of the segment access without ownership.",E5,,L,n/a (anti-thesis),,S11;S12,Termination statement stresses continuing 'other business cooperation'; no evidence on alternatives.,n/a,Whether condition held is untested (E5).,n/a (no E3 claims),NOT CLOSED (terminated by mutual agreement; announced 2021-07-27),,,,,,,,,,,,,,model_recommendation,,N
C26,T010,SPTRD1784042,AT-05,AT,Kill condition: the unspecified 'legal procedures' block or dilute the deal.,E5,,L,n/a (anti-thesis),,S11;S12,Deal terminated before closing; cause undisclosed.,n/a,Whether condition held is untested (E5).,n/a (no E3 claims),NOT CLOSED (terminated by mutual agreement; announced 2021-07-27),,,,,,,,,,,,,,model_recommendation,,N
