source_id,sample_id,title,publisher,source_type,publication_date,url,retrieved_at,access,locator,limitations,source_family,raw_path,raw_sha256,claim_ids
S01,T010,MediaTek MOPS material-information announcement on behalf of subsidiary Richtek: acquisition of Enpirion product-line assets from Intel,MediaTek Inc. (TWSE:2454) via TWSE MOPS,"Primary party filing (identified, NOT retrieved)",2020-11-16,https://mops.twse.com.tw/ (announcement not located; host egress-blocked),,NOT RETRIEVED,,Existence and content known only via S02-S06 reporting. Never cited as direct evidence in any claim.,party_primary,,,RES03
S02,T010,"聯發科旗下立錡 8,500萬美收購英特爾轉投資Enpirion電源管理IC產品線",China Times / 工商時報 (中時新聞網),Trade/financial press reporting S01,2020-11-17,https://www.chinatimes.com/realtimenews/20201117002026-260410,2026-09-27,search-index snippet/engine synthesis only; body NOT retrieved (WebFetch egress-blocked),title; engine synthesis in Q02/Q06,Secondary relay of MOPS filing; snippet level only.,tw_press,raw/Q02_zh_announcement_and_termination.txt,ed00384f7de1f9be0d22c1d0d735fae7531996c7471e379e818f27f36b920c13,C01;C04;C05;C06;C09;C10;C11;C12;C13;C16;C21;E04;E05;E06;E10;E11;RES01;RES06;RES08;RES09;RES10
S03,T010,聯發科近台幣 24 億元，收購英特爾旗下 Enpirion 電源管理晶片產品線,TechNews 科技新報,Trade press reporting S01,2020-11-17,https://finance.technews.tw/2020/11/17/mediatek-will-merger-intel-enpirion/,2026-09-27,search-index snippet/engine synthesis only; body NOT retrieved (WebFetch egress-blocked),title; engine synthesis in Q06,Secondary relay; snippet level only.,tw_press,raw/Q06_zh_mops_details.txt,2499871ad8f535765038b4cf7e49e4ef43e600647f1312e86e47ec10b4b9b961,C04;C05;C09;RES10
S04,T010,聯發科將斥24億元 併購Intel旗下電源管理晶片產品資產,Anue 鉅亨網,Financial press reporting S01,2020-11-17,https://news.cnyes.com/news/id/4543260,2026-09-27,search-index snippet/engine synthesis only; body NOT retrieved (WebFetch egress-blocked),title; engine synthesis in Q02/Q06,Secondary relay; snippet level only.,tw_press,raw/Q06_zh_mops_details.txt,2499871ad8f535765038b4cf7e49e4ef43e600647f1312e86e47ec10b4b9b961,C01;C04;C05;C10;RES09;RES10
S05,T010,"立錡擬收購Enpirion電源管理IC產品線，交易額8,500萬美元",經濟部工業局 智慧電子產業計畫推動辦公室 (SIPO),Government-programme industry news digest,2020-11-18,https://www.sipo.org.tw/industry-overview/industry-news/item/2168-2020111801.html,2026-09-27,search-index snippet/engine synthesis only; body NOT retrieved (WebFetch egress-blocked),title; engine synthesis in Q06,Digest of press/filing; low independence; snippet level only.,tw_gov_digest,raw/Q06_zh_mops_details.txt,2499871ad8f535765038b4cf7e49e4ef43e600647f1312e86e47ec10b4b9b961,
S06,T010,MediaTek to acquire assets related to PWM IC from Intel,DIGITIMES,Trade press citing TWSE filing,2020-11-17,https://www.digitimes.com/news/a20201117VL200.html,2026-09-27,search-index snippet/engine synthesis only; body NOT retrieved (WebFetch egress-blocked),title; engine synthesis in Q05,Paywalled trade press; snippet level only.,tw_trade_press,raw/Q05_en_filing_closing.txt,5ce41dffe9ec4f76f475756cb29d4813d38453c8db35376dc2e12177b5805ccf,C04;C05;C10;C12;C21;E04;RES02;RES08;RES10
S07,T010,聯發科併購英特爾旗下Enpirion 蔡力行：瞄準資料中心,ETtoday 財經雲,Press report of CEO (Rick Tsai) remarks,2020-11 (exact day not captured),https://finance.ettoday.net/news/1857099,2026-09-27,search-index snippet/engine synthesis only; body NOT retrieved (WebFetch egress-blocked),headline; CEO quote in engine synthesis Q02,Quote relayed by engine synthesis; venue and exact date of remark not verified.,tw_press,raw/Q02_zh_announcement_and_termination.txt,ed00384f7de1f9be0d22c1d0d735fae7531996c7471e379e818f27f36b920c13,C02;C03;C04;C14;C15;E01;E02;E07;E08;RES06
S08,T010,Intel sells Enpirion power management and controller product line to Richtek for $85M,SiliconANGLE,Tech press with Intel spokesperson statement,2020-11-18,https://siliconangle.com/2020/11/18/intel-sells-enpirion-power-management-controller-product-line-richtek-85m/,2026-09-27,search-index snippet/engine synthesis only; body NOT retrieved (WebFetch egress-blocked),title; spokesperson quote in engine synthesis Q09,Seller statement relayed via press; snippet level only.,us_tech_press,raw/Q09_intel_spokesperson.txt,4a901e5844246f31b13caaa124e088d3552edd0ffad00d64ac6cf34890bed3ce,C02;C07;C08;C09;C11;C12;E09;E11
S09,T010,Mediatek to acquire assets relating to power management from Intel,Evertiq,Trade press,2020-11 (exact day not captured),https://evertiq.com/design/49123,2026-09-27,search-index snippet/engine synthesis only; body NOT retrieved (WebFetch egress-blocked),title; engine synthesis Q01,Snippet level only.,eu_trade_press,raw/Q01_en_announcement.txt,32f417e6abcefd0b53a18b879e776e7df6cfe62b48268633a8e48dcb47073b31,
S10,T010,MediaTek MOPS announcement on behalf of Richtek: termination of Enpirion asset acquisition agreement with Intel,MediaTek Inc. via TWSE MOPS,"Primary party filing (identified, NOT retrieved)",2021-07-27,https://mops.twse.com.tw/ (announcement not located; host egress-blocked),,NOT RETRIEVED,,Existence and content known only via S11-S13 reporting. Never cited as direct evidence in any claim.,party_primary,,,RES03;RES04
S11,T010,聯發科併英特爾電源管理IC事業告吹 雙方合意終止交易,工商時報 (CTEE),Financial press reporting S10,2021-07-28,https://www.ctee.com.tw/news/20210728700718-430502,2026-09-27,search-index snippet/engine synthesis only; body NOT retrieved (WebFetch egress-blocked),title; engine synthesis Q03/Q07,Secondary relay; snippet level only.,tw_press,raw/Q03_zh_termination.txt,f850a3a976504c63c791d737d20ee4cfa2dc4ce42868b28e4dd026187ef1ab7b,C09;C11;C25;C26;E13;RES02;RES04
S12,T010,聯發科宣布 將終止收購英特爾旗下PMIC產品線,Anue 鉅亨網,Financial press reporting S10,2021-07-27,https://news.cnyes.com/news/id/4688463,2026-09-27,search-index snippet/engine synthesis only; body NOT retrieved (WebFetch egress-blocked),title; engine synthesis Q03,Secondary relay; snippet level only; publication day inferred from announcement day.,tw_press,raw/Q03_zh_termination.txt,f850a3a976504c63c791d737d20ee4cfa2dc4ce42868b28e4dd026187ef1ab7b,C25;C26;RES02;RES04
S13,T010,MediaTek terminates deal to acquire assets related to PWM IC from Intel,DIGITIMES,Trade press reporting S10,2021-07-29,https://www.digitimes.com/news/a20210729VL201.html,2026-09-27,search-index snippet/engine synthesis only; body NOT retrieved (WebFetch egress-blocked),title; engine synthesis Q04,Paywalled; snippet level only.,tw_trade_press,raw/Q04_en_termination.txt,4602af21aa3270775460c08292ab88ff3a74c6aaa4e5e9933266efdc2ea942c5,C10;E10;RES02
S14,T010,Intel Enpirion Power Solutions product discontinuance PDN2133 (as cited in Intel Community threads),Intel Corporation / Intel Community,Seller primary notice relayed in vendor support forum,2021-09-17,https://community.intel.com/t5/Intel-Enpirion-Power-Solutions/Enpirion-discontinued/td-p/1317197,2026-09-27,search-index snippet/engine synthesis only; body NOT retrieved (WebFetch egress-blocked),PDN2133 dates in engine synthesis Q10,PDN body not read; forum thread snippet only.,party_primary_relay,raw/Q10_intel_eol.txt,b81025511cc5960d50cf27e6f4c48e93ada4ac5180792ef53c8628df925c2e2c,C17;RES04;RES05
S15,T010,"Intel Enpirion Power Solutions PCN 118505-02 Product Discontinuance, End of Life (revision: LTB backlog NCNR)",Intel Corporation,Seller primary product-change notice (title only),2022-07-01,https://www.intel.com/content/www/us/en/content-details/807327/,2026-09-27,search-index snippet/engine synthesis only; body NOT retrieved (WebFetch egress-blocked),result title; engine synthesis Q10,Title/snippet only.,party_primary,raw/Q10_intel_eol.txt,b81025511cc5960d50cf27e6f4c48e93ada4ac5180792ef53c8628df925c2e2c,C12;C17;RES05
S16,T010,MediaTek Announces Tender Offer for Richtek; Mediatek Acquires Richtek To Expand Reach,Design & Reuse; AmCham Taiwan Topics,Press (2015) on buyer ownership,2015-09/2015-10,https://www.design-reuse.com/news/38176/mediatek-richtek-acquisition.html,2026-09-27,search-index snippet/engine synthesis only; body NOT retrieved (WebFetch egress-blocked),engine synthesis Q11,Snippet level; ownership completion date (2Q16) and delisting from engine synthesis.,press,raw/Q11_richtek_ownership.txt,4b3460e61af5205691dc00f8b925fe9ffeba5d2f20b47ec18b1f9cac41cf64b9,C01;C16;E03;RES01
S17,T010,Altera to acquire Enpirion for $140 million (Form 8-K exhibit / EEPower report),Altera Corp. (SEC EDGAR); EEPower,Historical primary filing (title) and press,2013-05-14,https://www.sec.gov/Archives/edgar/data/0000768251/000076825113000031/a2013q28-kerexhibit.htm,2026-09-27,search-index snippet/engine synthesis only; body NOT retrieved (WebFetch egress-blocked),engine synthesis Q12,Background lineage only; not deal-period evidence.,us_filing_relay,raw/Q12_altera_enpirion_2013.txt,eeda3d140a21890682f08f4f1f5d11acfcf1fd47ad9900c48479cdabb093367c,C06
S18,T010,Unattributed 'industry analyst' speculation on termination (Gelsinger CEO change),Unidentified (search-engine synthesis over S11/UDN results),WEAK: unattributed speculation,2021-07 (approx.),https://money.udn.com/money/story/5612/5632183 (candidate host; attribution unverified),2026-09-27,search-index snippet/engine synthesis only; body NOT retrieved (WebFetch egress-blocked),engine synthesis Q07,WEAK SOURCE. Rival-generator only. Not used as evidence for any coded claim.,weak_unattributed,raw/Q07_zh_termination_reason.txt,24df5a01d1604f9af2dd9f4e11ae107c29589a7050c84b00e621b20ae4e72ba9,RES04
S19,T010,Reports that 'the company' had Google orders for the Enpirion line,Gizchina / SMM / Evertiq (via engine synthesis),WEAK: ambiguous secondary claim,2020-11-17,https://www.gizchina.com/2020/11/17/mediatek-announces-the-85-million-acquisition-of-intels-enpirion-power-chip-business/,2026-09-27,search-index snippet/engine synthesis only; body NOT retrieved (WebFetch egress-blocked),engine synthesis Q01/Q08,WEAK SOURCE. Grammatical subject ambiguous (Enpirion vs MediaTek). Not used as evidence.,weak_ambiguous,raw/Q08_google_orders.txt,39bdca611a7ea782d70ed296768b5ba57fdfba413a14b597eac2304c0b149a76,RES07
